bed_id,patient_name,gender,age,diagnosis
101,王建國,男,78,腦中風後遺症
102,陳美惠,女,82,髖關節骨折術後
103,林淑芬,女,75,失智症
104,張志明,男,69,糖尿病
105,黃麗華,女,88,高血壓性心臟病
106,李文雄,男,91,肺炎
201,吳秀琴,女,73,帕金森氏症
202,劉家豪,男,66,骨質疏鬆
203,蔡淑惠,女,80,慢性腎臟病
204,楊宗翰,男,85,術後恢復觀察
205,許雅婷,女,77,心房顫動
206,鄭國強,男,90,退化性關節炎
301,謝月娥,女,84,阿茲海默症
302,洪信義,男,72,脊椎壓迫性骨折
303,郭美玲,女,68,尿路感染
304,邱志豪,男,87,慢性阻塞性肺病
305,曾淑貞,女,79,白內障術後
306,廖俊傑,男,93,膝關節置換術後
401,賴阿香,女,89,貧血
402,徐建成,男,71,營養不良
403,周麗娟,女,83,腦中風後遺症
404,葉文彬,男,76,糖尿病
405,蘇雅雯,女,81,失智症
406,呂學勤,男,67,高血壓性心臟病
501,江秀蘭,女,86,髖關節骨折術後
502,何俊良,男,74,帕金森氏症
503,蕭美珍,女,92,骨質疏鬆
504,潘志成,男,70,肺炎
505,朱淑娟,女,85,慢性腎臟病
506,簡文彥,男,63,術後恢復觀察
601,鍾麗雪,女,88,心房顫動
602,游志偉,男,75,退化性關節炎
603,彭淑美,女,94,阿茲海默症
604,詹國峰,男,69,脊椎壓迫性骨折
605,胡雅慧,女,77,尿路感染
606,馬文龍,男,82,慢性阻塞性肺病
